{"data":{"quizs":[{"quizId":1,"quizType":1,"quizBgImages":[{"mediaUrl":"http://rc.fastschool.cn/fs/yummy/foreground_quiz1.png","mediaLid":"1"}],"quizItems":[{"itemType":1,"mediaUrl":"http://rc.fastschool.cn/fs/yummy/background_quiz2.png","translation":"","quizItemId":8,"mediaLid":"6","content":""}]},{"quizId":2,"quizType":1,"quizBgImages":[{"mediaUrl":"http://rc.fastschool.cn/fs/activity/pro/media/image/65586741b7ec460b887509c15a3694e2.jpeg","mediaLid":"2"}],"quizItems":[]},{"quizId":3,"quizType":1,"quizBgImages":[{"mediaUrl":"http://rc.fastschool.cn/fs/activity/pro/media/image/616c01c87f0b45f1bbc2322d5f939138.jpeg","mediaLid":"3"}],"quizItems":[]},{"quizId":4,"quizType":1,"quizBgImages":[{"mediaUrl":"http://rc.fastschool.cn/fs/activity/pro/media/image/e3376bae739844818d490bcd32e3a1c5.jpeg","mediaLid":"4"}],"quizItems":[]},{"upQuizItems":[{"itemType":1,"translation":"","quizItemId":2,"content":"A"},{"itemType":1,"translation":"","quizItemId":3,"content":"B"},{"itemType":1,"translation":"","quizItemId":4,"content":"C"}],"answer":"{\"answer\":[[0,0],[1,2],[2,1]]}","quizId":5,"downQuizItems":[{"itemType":1,"translation":"","quizItemId":5,"content":"cat"},{"itemType":1,"translation":"","quizItemId":6,"content":"apple"},{"itemType":1,"translation":"","quizItemId":7,"content":"bag"}],"quizType":2,"quizBgImages":[{"mediaUrl":"http://rc.fastschool.cn/fs/activity/pro/media/image/fec885d466a1492083222a385e8dedb5.jpeg","mediaLid":"5"}]}],"coursewareName":"测试课件"},"requestDateTime":1552475353772,"requestId":"b22a5b36709547b2b0bacc636c2c7c0e","responseDateTime":1552475353802,"statusCode":200,"statusText":"OK"}