{"mc":{
	"fish_jinyugongzhu_idle":{
		"frameRate":18,
		"events":[
			
			],
		"frames":[
			
			{
			"res":"84E27F49",
			"x":0,
			"y":11,
			"duration":3
			},
			{
			"res":"32A1D52D",
			"x":0,
			"y":11,
			"duration":3
			},
			{
			"res":"89EAAAA8",
			"x":0,
			"y":11,
			"duration":3
			},
			{
			"res":"32A1D52D",
			"x":0,
			"y":11,
			"duration":3
			}
			]
},"fish_jinyugongzhu_hurt":{
		"frameRate":18,
		"events":[
			
			],
		"frames":[
			
			{
			"res":"76404CB5",
			"x":18,
			"y":1,
			"duration":2
			},
			{
			"res":"8F2593EF",
			"x":21,
			"y":1,
			"duration":2
			}
			]
}},
	"res":{
		"8F2593EF":{"x":171,"y":92,"w":48,"h":103},
		"89EAAAA8":{"x":188,"y":0,"w":65,"h":90},
		"76404CB5":{"x":0,"y":0,"w":84,"h":111},
		"32A1D52D":{"x":86,"y":92,"w":83,"h":90},
		"84E27F49":{"x":86,"y":0,"w":100,"h":90}
	}}