{"file":"Ubbie_tex.png","res":{"turn face_21":{"x":458,"y":329,"w":64,"h":44},"atc_18":{"x":1,"y":1,"w":76,"h":45},"turn face_56":{"x":651,"y":190,"w":63,"h":45},"atc_16":{"x":79,"y":1,"w":76,"h":45},"walk_19":{"x":720,"y":284,"w":62,"h":45},"turn face_33":{"x":861,"y":49,"w":64,"h":45},"turn face_72":{"x":591,"y":142,"w":63,"h":45},"turn face_4":{"x":67,"y":95,"w":64,"h":45},"atc_23":{"x":923,"y":1,"w":68,"h":46},"atc_21":{"x":703,"y":1,"w":73,"h":46},"turn face_31":{"x":135,"y":48,"w":64,"h":45},"atc_1":{"x":265,"y":375,"w":62,"h":45},"turn face_7":{"x":333,"y":48,"w":64,"h":45},"turn face_42":{"x":597,"y":48,"w":64,"h":45},"atc_24":{"x":68,"y":48,"w":65,"h":45},"atc_10":{"x":1,"y":48,"w":65,"h":45},"turn face_60":{"x":1,"y":189,"w":63,"h":45},"turn face_54":{"x":391,"y":189,"w":63,"h":45},"walk_11":{"x":784,"y":284,"w":63,"h":44},"turn face_34":{"x":133,"y":95,"w":64,"h":45},"turn face_52":{"x":456,"y":236,"w":63,"h":45},"walk_3":{"x":329,"y":375,"w":62,"h":45},"turn face_15":{"x":392,"y":329,"w":64,"h":44},"stand_13":{"x":713,"y":377,"w":62,"h":44},"turn face_0":{"x":265,"y":95,"w":64,"h":45},"turn face_23":{"x":595,"y":95,"w":64,"h":45},"walk_16":{"x":65,"y":376,"w":62,"h":45},"turn face_86":{"x":131,"y":189,"w":63,"h":45},"atc_0":{"x":1,"y":423,"w":62,"h":44},"turn face_1":{"x":1,"y":142,"w":64,"h":45},"stand_5":{"x":385,"y":422,"w":62,"h":43},"stand_9":{"x":1,"y":469,"w":62,"h":43},"atc_13":{"x":157,"y":1,"w":76,"h":45},"turn face_44":{"x":781,"y":190,"w":63,"h":45},"turn face_76":{"x":196,"y":236,"w":63,"h":45},"turn face_12":{"x":590,"y":284,"w":64,"h":44},"turn face_6":{"x":201,"y":48,"w":64,"h":45},"turn face_79":{"x":1,"y":283,"w":63,"h":45},"turn face_66":{"x":131,"y":283,"w":63,"h":45},"atc_3":{"x":191,"y":423,"w":60,"h":45},"turn face_70":{"x":396,"y":142,"w":63,"h":45},"turn face_81":{"x":461,"y":142,"w":63,"h":45},"walk_8":{"x":719,"y":331,"w":63,"h":44},"atc_26":{"x":67,"y":330,"w":64,"h":44},"turn face_36":{"x":267,"y":48,"w":64,"h":45},"atc_22":{"x":778,"y":1,"w":71,"h":46},"turn face_67":{"x":66,"y":189,"w":63,"h":45},"turn face_9":{"x":399,"y":48,"w":64,"h":45},"stand_8":{"x":65,"y":469,"w":62,"h":43},"turn face_17":{"x":458,"y":283,"w":64,"h":44},"turn face_57":{"x":196,"y":189,"w":63,"h":45},"stand_11":{"x":585,"y":377,"w":62,"h":44},"turn face_25":{"x":465,"y":48,"w":64,"h":45},"turn face_83":{"x":521,"y":189,"w":63,"h":45},"stand_0":{"x":847,"y":377,"w":62,"h":44},"turn face_62":{"x":586,"y":189,"w":63,"h":45},"turn face_28":{"x":531,"y":48,"w":64,"h":45},"atc_19":{"x":235,"y":1,"w":76,"h":45},"walk_18":{"x":1,"y":376,"w":62,"h":45},"turn face_46":{"x":846,"y":190,"w":63,"h":45},"walk_5":{"x":193,"y":376,"w":62,"h":45},"walk_0":{"x":849,"y":330,"w":61,"h":45},"stand_1":{"x":912,"y":330,"w":62,"h":44},"turn face_73":{"x":66,"y":236,"w":63,"h":45},"stand_2":{"x":911,"y":422,"w":62,"h":44},"turn face_38":{"x":663,"y":49,"w":64,"h":45},"turn face_49":{"x":261,"y":236,"w":63,"h":45},"atc_6":{"x":513,"y":422,"w":59,"h":45},"atc_25":{"x":729,"y":49,"w":64,"h":45},"turn face_85":{"x":781,"y":237,"w":63,"h":45},"turn face_59":{"x":846,"y":237,"w":63,"h":45},"turn face_3":{"x":795,"y":49,"w":64,"h":45},"walk_10":{"x":392,"y":283,"w":64,"h":44},"atc_11":{"x":851,"y":1,"w":70,"h":46},"turn face_55":{"x":331,"y":142,"w":63,"h":45},"turn face_41":{"x":927,"y":49,"w":64,"h":45},"atc_2":{"x":784,"y":376,"w":61,"h":45},"turn face_30":{"x":1,"y":95,"w":64,"h":45},"turn face_77":{"x":526,"y":142,"w":63,"h":45},"turn face_19":{"x":199,"y":330,"w":64,"h":44},"turn face_14":{"x":326,"y":283,"w":64,"h":44},"atc_15":{"x":313,"y":1,"w":76,"h":45},"turn face_51":{"x":656,"y":143,"w":63,"h":45},"turn face_68":{"x":721,"y":143,"w":63,"h":45},"turn face_22":{"x":326,"y":329,"w":64,"h":44},"walk_2":{"x":656,"y":284,"w":62,"h":45},"turn face_63":{"x":786,"y":143,"w":63,"h":45},"turn face_80":{"x":851,"y":143,"w":63,"h":45},"turn face_20":{"x":1,"y":330,"w":64,"h":44},"turn face_11":{"x":916,"y":143,"w":63,"h":45},"stand_6":{"x":449,"y":422,"w":62,"h":43},"walk_15":{"x":129,"y":376,"w":62,"h":45},"atc_14":{"x":391,"y":1,"w":76,"h":45},"turn face_43":{"x":199,"y":95,"w":64,"h":45},"atc_17":{"x":469,"y":1,"w":76,"h":45},"turn face_32":{"x":331,"y":95,"w":64,"h":45},"turn face_74":{"x":261,"y":189,"w":63,"h":45},"walk_12":{"x":914,"y":284,"w":63,"h":44},"turn face_71":{"x":326,"y":189,"w":63,"h":45},"turn face_5":{"x":397,"y":95,"w":64,"h":45},"turn face_61":{"x":456,"y":189,"w":63,"h":45},"turn face_13":{"x":524,"y":329,"w":64,"h":44},"turn face_8":{"x":463,"y":95,"w":64,"h":45},"atc_9":{"x":253,"y":469,"w":59,"h":45},"turn face_35":{"x":529,"y":95,"w":64,"h":45},"walk_4":{"x":590,"y":330,"w":62,"h":45},"turn face_16":{"x":133,"y":330,"w":64,"h":44},"atc_20":{"x":547,"y":1,"w":76,"h":45},"walk_17":{"x":521,"y":375,"w":62,"h":45},"turn face_82":{"x":716,"y":190,"w":63,"h":45},"turn face_24":{"x":661,"y":96,"w":64,"h":45},"turn face_27":{"x":727,"y":96,"w":64,"h":45},"turn face_47":{"x":911,"y":190,"w":63,"h":45},"stand_3":{"x":65,"y":423,"w":62,"h":44},"turn face_45":{"x":1,"y":236,"w":63,"h":45},"stand_4":{"x":912,"y":376,"w":62,"h":44},"turn face_2":{"x":793,"y":96,"w":64,"h":45},"turn face_48":{"x":131,"y":236,"w":63,"h":45},"walk_9":{"x":849,"y":284,"w":63,"h":44},"turn face_40":{"x":859,"y":96,"w":64,"h":45},"stand_10":{"x":257,"y":422,"w":62,"h":44},"turn face_37":{"x":925,"y":96,"w":64,"h":45},"stand_7":{"x":321,"y":422,"w":62,"h":43},"turn face_69":{"x":326,"y":236,"w":63,"h":45},"atc_5":{"x":129,"y":470,"w":59,"h":45},"turn face_75":{"x":391,"y":236,"w":63,"h":45},"atc_12":{"x":625,"y":1,"w":76,"h":45},"walk_6":{"x":521,"y":236,"w":63,"h":45},"turn face_58":{"x":586,"y":236,"w":63,"h":45},"atc_8":{"x":321,"y":467,"w":59,"h":45},"turn face_84":{"x":651,"y":237,"w":63,"h":45},"stand_12":{"x":649,"y":377,"w":62,"h":44},"atc_7":{"x":190,"y":470,"w":59,"h":45},"turn face_18":{"x":524,"y":283,"w":64,"h":44},"walk_7":{"x":784,"y":330,"w":63,"h":44},"turn face_65":{"x":716,"y":237,"w":63,"h":45},"turn face_29":{"x":67,"y":142,"w":64,"h":45},"turn face_10":{"x":133,"y":142,"w":64,"h":45},"walk_1":{"x":393,"y":375,"w":62,"h":45},"walk_14":{"x":457,"y":375,"w":62,"h":45},"turn face_53":{"x":911,"y":237,"w":63,"h":45},"turn face_26":{"x":199,"y":142,"w":64,"h":45},"atc_4":{"x":129,"y":423,"w":60,"h":45},"turn face_64":{"x":66,"y":283,"w":63,"h":45},"turn face_39":{"x":265,"y":142,"w":64,"h":45},"turn face_50":{"x":196,"y":283,"w":63,"h":45},"walk_13":{"x":654,"y":331,"w":63,"h":44},"turn face_78":{"x":261,"y":283,"w":63,"h":45}},"mc":{"Ubbie":{"labels":[{"end":87,"frame":1,"name":"turn face"},{"end":107,"frame":88,"name":"walk"},{"end":121,"frame":108,"name":"stand"},{"end":148,"frame":122,"name":"atc"}],"frameRate":24,"frames":[{"y":-44,"res":"turn face_0","duration":1,"x":-17},{"y":-44,"res":"turn face_1","duration":1,"x":-17},{"y":-44,"res":"turn face_2","duration":1,"x":-17},{"y":-44,"res":"turn face_3","duration":1,"x":-17},{"y":-44,"res":"turn face_4","duration":1,"x":-17},{"y":-44,"res":"turn face_5","duration":1,"x":-17},{"y":-44,"res":"turn face_6","duration":1,"x":-17},{"y":-44,"res":"turn face_7","duration":1,"x":-17},{"y":-44,"res":"turn face_8","duration":1,"x":-17},{"y":-44,"res":"turn face_9","duration":1,"x":-17},{"y":-44,"res":"turn face_10","duration":1,"x":-17},{"y":-44,"res":"turn face_11","duration":1,"x":-16},{"y":-44,"res":"turn face_12","duration":1,"x":-16},{"y":-44,"res":"turn face_13","duration":1,"x":-16},{"y":-44,"res":"turn face_14","duration":1,"x":-16},{"y":-44,"res":"turn face_15","duration":1,"x":-16},{"y":-44,"res":"turn face_16","duration":1,"x":-16},{"y":-44,"res":"turn face_17","duration":1,"x":-16},{"y":-44,"res":"turn face_18","duration":1,"x":-16},{"y":-44,"res":"turn face_19","duration":1,"x":-16},{"y":-44,"res":"turn face_20","duration":1,"x":-16},{"y":-44,"res":"turn face_21","duration":1,"x":-17},{"y":-44,"res":"turn face_22","duration":1,"x":-17},{"y":-44,"res":"turn face_23","duration":1,"x":-17},{"y":-44,"res":"turn face_24","duration":1,"x":-17},{"y":-44,"res":"turn face_25","duration":1,"x":-17},{"y":-44,"res":"turn face_26","duration":1,"x":-17},{"y":-44,"res":"turn face_27","duration":1,"x":-17},{"y":-44,"res":"turn face_28","duration":1,"x":-17},{"y":-44,"res":"turn face_29","duration":1,"x":-17},{"y":-44,"res":"turn face_30","duration":1,"x":-17},{"y":-44,"res":"turn face_31","duration":1,"x":-17},{"y":-44,"res":"turn face_32","duration":1,"x":-17},{"y":-44,"res":"turn face_33","duration":1,"x":-17},{"y":-44,"res":"turn face_34","duration":1,"x":-17},{"y":-44,"res":"turn face_35","duration":1,"x":-17},{"y":-44,"res":"turn face_36","duration":1,"x":-17},{"y":-44,"res":"turn face_37","duration":1,"x":-17},{"y":-44,"res":"turn face_38","duration":1,"x":-17},{"y":-44,"res":"turn face_39","duration":1,"x":-17},{"y":-44,"res":"turn face_40","duration":1,"x":-17},{"y":-44,"res":"turn face_41","duration":1,"x":-17},{"y":-44,"res":"turn face_42","duration":1,"x":-17},{"y":-44,"res":"turn face_43","duration":1,"x":-17},{"y":-44,"res":"turn face_44","duration":1,"x":-16},{"y":-44,"res":"turn face_45","duration":1,"x":-16},{"y":-44,"res":"turn face_46","duration":1,"x":-16},{"y":-44,"res":"turn face_47","duration":1,"x":-16},{"y":-44,"res":"turn face_48","duration":1,"x":-16},{"y":-44,"res":"turn face_49","duration":1,"x":-16},{"y":-44,"res":"turn face_50","duration":1,"x":-16},{"y":-44,"res":"turn face_51","duration":1,"x":-16},{"y":-44,"res":"turn face_52","duration":1,"x":-16},{"y":-44,"res":"turn face_53","duration":1,"x":-16},{"y":-44,"res":"turn face_54","duration":1,"x":-16},{"y":-44,"res":"turn face_55","duration":1,"x":-16},{"y":-44,"res":"turn face_56","duration":1,"x":-16},{"y":-44,"res":"turn face_57","duration":1,"x":-16},{"y":-44,"res":"turn face_58","duration":1,"x":-16},{"y":-44,"res":"turn face_59","duration":1,"x":-16},{"y":-44,"res":"turn face_60","duration":1,"x":-16},{"y":-44,"res":"turn face_61","duration":1,"x":-16},{"y":-44,"res":"turn face_62","duration":1,"x":-16},{"y":-44,"res":"turn face_63","duration":1,"x":-16},{"y":-44,"res":"turn face_64","duration":1,"x":-16},{"y":-44,"res":"turn face_65","duration":1,"x":-16},{"y":-44,"res":"turn face_66","duration":1,"x":-16},{"y":-44,"res":"turn face_67","duration":1,"x":-16},{"y":-44,"res":"turn face_68","duration":1,"x":-16},{"y":-44,"res":"turn face_69","duration":1,"x":-16},{"y":-44,"res":"turn face_70","duration":1,"x":-16},{"y":-44,"res":"turn face_71","duration":1,"x":-16},{"y":-44,"res":"turn face_72","duration":1,"x":-16},{"y":-44,"res":"turn face_73","duration":1,"x":-16},{"y":-44,"res":"turn face_74","duration":1,"x":-16},{"y":-44,"res":"turn face_75","duration":1,"x":-16},{"y":-44,"res":"turn face_76","duration":1,"x":-16},{"y":-44,"res":"turn face_77","duration":1,"x":-16},{"y":-44,"res":"turn face_78","duration":1,"x":-16},{"y":-44,"res":"turn face_79","duration":1,"x":-16},{"y":-44,"res":"turn face_80","duration":1,"x":-16},{"y":-44,"res":"turn face_81","duration":1,"x":-16},{"y":-44,"res":"turn face_82","duration":1,"x":-16},{"y":-44,"res":"turn face_83","duration":1,"x":-16},{"y":-44,"res":"turn face_84","duration":1,"x":-16},{"y":-44,"res":"turn face_85","duration":1,"x":-16},{"y":-44,"res":"turn face_86","duration":1,"x":-16},{"y":-43,"res":"walk_0","duration":1,"x":-14},{"y":-43,"res":"walk_1","duration":1,"x":-14},{"y":-43,"res":"walk_2","duration":1,"x":-14},{"y":-43,"res":"walk_3","duration":1,"x":-15},{"y":-44,"res":"walk_4","duration":1,"x":-15},{"y":-44,"res":"walk_5","duration":1,"x":-15},{"y":-44,"res":"walk_6","duration":1,"x":-16},{"y":-44,"res":"walk_7","duration":1,"x":-16},{"y":-44,"res":"walk_8","duration":1,"x":-16},{"y":-44,"res":"walk_9","duration":1,"x":-17},{"y":-44,"res":"walk_10","duration":1,"x":-17},{"y":-44,"res":"walk_11","duration":1,"x":-17},{"y":-44,"res":"walk_12","duration":1,"x":-16},{"y":-44,"res":"walk_13","duration":1,"x":-15},{"y":-44,"res":"walk_14","duration":1,"x":-15},{"y":-44,"res":"walk_15","duration":1,"x":-15},{"y":-44,"res":"walk_16","duration":1,"x":-14},{"y":-43,"res":"walk_17","duration":1,"x":-14},{"y":-43,"res":"walk_18","duration":1,"x":-14},{"y":-43,"res":"walk_19","duration":1,"x":-14},{"y":-43,"res":"stand_0","duration":1,"x":-15},{"y":-43,"res":"stand_1","duration":1,"x":-15},{"y":-43,"res":"stand_2","duration":1,"x":-15},{"y":-43,"res":"stand_3","duration":1,"x":-15},{"y":-42,"res":"stand_4","duration":1,"x":-15},{"y":-42,"res":"stand_5","duration":1,"x":-15},{"y":-42,"res":"stand_6","duration":1,"x":-15},{"y":-42,"res":"stand_7","duration":1,"x":-15},{"y":-42,"res":"stand_8","duration":1,"x":-15},{"y":-42,"res":"stand_9","duration":1,"x":-15},{"y":-42,"res":"stand_10","duration":1,"x":-15},{"y":-43,"res":"stand_11","duration":1,"x":-15},{"y":-43,"res":"stand_12","duration":1,"x":-15},{"y":-43,"res":"stand_13","duration":1,"x":-15},{"y":-43,"res":"atc_0","duration":1,"x":-15},{"y":-43,"res":"atc_1","duration":1,"x":-14},{"y":-43,"res":"atc_2","duration":1,"x":-14},{"y":-43,"res":"atc_3","duration":1,"x":-13},{"y":-44,"res":"atc_4","duration":1,"x":-12},{"y":-44,"res":"atc_5","duration":1,"x":-12},{"y":-44,"res":"atc_6","duration":1,"x":-12},{"y":-44,"res":"atc_7","duration":1,"x":-12},{"y":-44,"res":"atc_8","duration":1,"x":-12},{"y":-44,"res":"atc_9","duration":1,"x":-12},{"y":-45,"res":"atc_10","duration":1,"x":-18},{"y":-47,"res":"atc_11","duration":1,"x":-25},{"y":-46,"res":"atc_12","duration":1,"x":-31},{"y":-46,"res":"atc_13","duration":1,"x":-31},{"y":-46,"res":"atc_14","duration":1,"x":-31},{"y":-46,"res":"atc_15","duration":1,"x":-31},{"y":-46,"res":"atc_16","duration":1,"x":-31},{"y":-46,"res":"atc_17","duration":1,"x":-31},{"y":-46,"res":"atc_18","duration":1,"x":-31},{"y":-46,"res":"atc_19","duration":1,"x":-31},{"y":-46,"res":"atc_20","duration":1,"x":-31},{"y":-46,"res":"atc_21","duration":1,"x":-29},{"y":-46,"res":"atc_22","duration":1,"x":-26},{"y":-46,"res":"atc_23","duration":1,"x":-22},{"y":-45,"res":"atc_24","duration":1,"x":-19},{"y":-45,"res":"atc_25","duration":1,"x":-18},{"y":-44,"res":"atc_26","duration":1,"x":-17}],"events":[]}}}