{"frameRate":30,"isGlobal":0,"armature":[{"canvas":{"width":440,"y":0,"height":440,"x":0},"type":"Armature","frameRate":30,"animation":[{"ffd":[],"playTimes":0,"duration":88,"frame":[],"bone":[{"rotateFrame":[],"scaleFrame":[],"name":"666","translateFrame":[]},{"rotateFrame":[{"tweenEasing":0,"duration":3},{"tweenEasing":0,"duration":3},{"tweenEasing":0,"duration":3},{"tweenEasing":0,"duration":3},{"tweenEasing":0,"duration":4},{"tweenEasing":0,"duration":4},{"tweenEasing":0,"duration":4},{"tweenEasing":0,"duration":4},{"duration":60}],"scaleFrame":[{"tweenEasing":0,"duration":3},{"y":0.9,"tweenEasing":0,"duration":3,"x":1.1},{"tweenEasing":0,"duration":3},{"y":1.1,"tweenEasing":0,"duration":3,"x":0.9},{"tweenEasing":0,"duration":4},{"y":0.95,"tweenEasing":0,"duration":4,"x":1.05},{"tweenEasing":0,"duration":4},{"y":1.05,"tweenEasing":0,"duration":4,"x":0.95},{"tweenEasing":0,"duration":5},{"y":0.99,"tweenEasing":0,"duration":5,"x":1.01},{"tweenEasing":0,"duration":5},{"y":1.01,"tweenEasing":0,"duration":5,"x":0.99},{"tweenEasing":0,"duration":5},{"y":0.99,"tweenEasing":0,"duration":5,"x":1.01},{"tweenEasing":0,"duration":5},{"y":1.01,"tweenEasing":0,"duration":5,"x":0.99},{"tweenEasing":0,"duration":5},{"y":0.99,"tweenEasing":0,"duration":5,"x":1.01},{"tweenEasing":0,"duration":5},{"y":1.01,"tweenEasing":0,"duration":5,"x":0.99},{"duration":0}],"name":"bike","translateFrame":[{"tweenEasing":0,"duration":3},{"y":8.8,"tweenEasing":0,"duration":3},{"tweenEasing":0,"duration":3},{"y":-8.8,"tweenEasing":0,"duration":3},{"tweenEasing":0,"duration":4},{"y":4.4,"tweenEasing":0,"duration":4},{"tweenEasing":0,"duration":4},{"y":-3.52,"tweenEasing":0,"duration":4},{"tweenEasing":0,"duration":5},{"y":1.22,"tweenEasing":0,"duration":5},{"tweenEasing":0,"duration":5},{"y":-1.22,"tweenEasing":0,"duration":5},{"tweenEasing":0,"duration":5},{"y":1.22,"tweenEasing":0,"duration":5},{"tweenEasing":0,"duration":5},{"y":-1.22,"tweenEasing":0,"duration":5},{"tweenEasing":0,"duration":5},{"y":1.22,"tweenEasing":0,"duration":5},{"tweenEasing":0,"duration":5},{"y":-1.22,"tweenEasing":0,"duration":5},{"duration":0}]},{"rotateFrame":[{"duration":28},{"tweenEasing":0,"duration":5},{"tweenEasing":0,"duration":5,"rotate":90},{"tweenEasing":0,"duration":5,"rotate":180},{"tweenEasing":0,"duration":5,"rotate":-90},{"tweenEasing":0,"duration":5},{"tweenEasing":0,"duration":5,"rotate":90},{"tweenEasing":0,"duration":5,"rotate":180},{"tweenEasing":0,"duration":5,"rotate":-90},{"tweenEasing":0,"duration":5},{"tweenEasing":0,"duration":5,"rotate":90},{"tweenEasing":0,"duration":5,"rotate":180},{"tweenEasing":0,"duration":5,"rotate":-90},{"duration":0}],"scaleFrame":[],"name":"wheels_01","translateFrame":[{"duration":28},{"tweenEasing":0,"duration":5},{"y":-3.697,"tweenEasing":0,"duration":5},{"y":-4.88,"tweenEasing":0,"duration":5},{"y":-2.4158,"tweenEasing":0,"duration":5},{"tweenEasing":0,"duration":5},{"y":-3.697,"tweenEasing":0,"duration":5},{"y":-4.88,"tweenEasing":0,"duration":5},{"y":-2.4158,"tweenEasing":0,"duration":5},{"tweenEasing":0,"duration":5},{"y":-3.697,"tweenEasing":0,"duration":5},{"y":-4.88,"tweenEasing":0,"duration":5},{"y":-2.4158,"tweenEasing":0,"duration":5},{"duration":0}]},{"rotateFrame":[{"duration":28},{"tweenEasing":0,"duration":5},{"tweenEasing":0,"duration":5,"rotate":90},{"tweenEasing":0,"duration":5,"rotate":180},{"tweenEasing":0,"duration":5,"rotate":-90},{"tweenEasing":0,"duration":5},{"tweenEasing":0,"duration":5,"rotate":90},{"tweenEasing":0,"duration":5,"rotate":180},{"tweenEasing":0,"duration":5,"rotate":-90},{"tweenEasing":0,"duration":5},{"tweenEasing":0,"duration":5,"rotate":90},{"tweenEasing":0,"duration":5,"rotate":180},{"tweenEasing":0,"duration":5,"rotate":-90},{"duration":0}],"scaleFrame":[],"name":"wheels_02","translateFrame":[{"duration":28},{"tweenEasing":0,"duration":5},{"y":-4.9293,"tweenEasing":0,"duration":5},{"y":-6.71,"tweenEasing":0,"duration":5},{"y":-3.0198,"tweenEasing":0,"duration":5},{"tweenEasing":0,"duration":5},{"y":-4.9293,"tweenEasing":0,"duration":5},{"y":-6.71,"tweenEasing":0,"duration":5},{"y":-3.0198,"tweenEasing":0,"duration":5},{"tweenEasing":0,"duration":5},{"y":-4.9293,"tweenEasing":0,"duration":5},{"y":-6.71,"tweenEasing":0,"duration":5},{"y":-3.0198,"tweenEasing":0,"duration":5},{"duration":0}]},{"rotateFrame":[],"scaleFrame":[],"name":"pedal2_1","translateFrame":[{"duration":28},{"tweenEasing":0,"duration":2},{"y":-29.1275,"tweenEasing":0,"duration":3,"x":-21.6179},{"y":-72.8188,"tweenEasing":0,"duration":2,"x":-12.709},{"y":-92.1505,"tweenEasing":0,"duration":3,"x":13.0478},{"y":-87.3513,"tweenEasing":0,"duration":2,"x":51.6829},{"y":-59.3885,"tweenEasing":0,"duration":3,"x":64.372},{"y":-13.5447,"tweenEasing":0,"duration":2,"x":62.6077},{"y":4.7768,"tweenEasing":0,"duration":3,"x":37.5646},{"tweenEasing":0,"duration":2},{"y":-29.1275,"tweenEasing":0,"duration":3,"x":-21.6179},{"y":-72.8188,"tweenEasing":0,"duration":2,"x":-12.709},{"y":-92.1505,"tweenEasing":0,"duration":3,"x":13.0478},{"y":-87.3513,"tweenEasing":0,"duration":2,"x":51.6829},{"y":-59.3885,"tweenEasing":0,"duration":3,"x":64.372},{"y":-13.5447,"tweenEasing":0,"duration":2,"x":62.6077},{"y":4.7768,"tweenEasing":0,"duration":3,"x":37.5646},{"tweenEasing":0,"duration":2},{"y":-29.1275,"tweenEasing":0,"duration":3,"x":-21.6179},{"y":-72.8188,"tweenEasing":0,"duration":2,"x":-12.709},{"y":-92.1505,"tweenEasing":0,"duration":3,"x":13.0478},{"y":-87.3513,"tweenEasing":0,"duration":2,"x":51.6829},{"y":-59.3885,"tweenEasing":0,"duration":3,"x":64.372},{"y":-13.5447,"tweenEasing":0,"duration":2,"x":62.6077},{"y":4.7768,"tweenEasing":0,"duration":3,"x":37.5646},{"duration":0}]},{"rotateFrame":[],"scaleFrame":[],"name":"pedal1_1","translateFrame":[{"duration":28},{"tweenEasing":0,"duration":2},{"y":23.7369,"tweenEasing":0,"duration":3,"x":13.4274},{"y":72.2728,"tweenEasing":0,"duration":2,"x":9.8291},{"y":90.9461,"tweenEasing":0,"duration":3,"x":-15.3892},{"y":85.0896,"tweenEasing":0,"duration":2,"x":-53.2167},{"y":58.437,"tweenEasing":0,"duration":3,"x":-72.034},{"y":9.3591,"tweenEasing":0,"duration":2,"x":-67.7631},{"y":-9.983,"tweenEasing":0,"duration":3,"x":-40.6579},{"tweenEasing":0,"duration":2},{"y":23.7369,"tweenEasing":0,"duration":3,"x":13.4274},{"y":72.2728,"tweenEasing":0,"duration":2,"x":9.8291},{"y":90.9461,"tweenEasing":0,"duration":3,"x":-15.3892},{"y":85.0896,"tweenEasing":0,"duration":2,"x":-53.2167},{"y":58.437,"tweenEasing":0,"duration":3,"x":-72.034},{"y":9.3591,"tweenEasing":0,"duration":2,"x":-67.7631},{"y":-9.983,"tweenEasing":0,"duration":3,"x":-40.6579},{"tweenEasing":0,"duration":2},{"y":23.7369,"tweenEasing":0,"duration":3,"x":13.4274},{"y":72.2728,"tweenEasing":0,"duration":2,"x":9.8291},{"y":90.9461,"tweenEasing":0,"duration":3,"x":-15.3892},{"y":85.0896,"tweenEasing":0,"duration":2,"x":-53.2167},{"y":58.437,"tweenEasing":0,"duration":3,"x":-72.034},{"y":9.3591,"tweenEasing":0,"duration":2,"x":-67.7631},{"y":-9.983,"tweenEasing":0,"duration":3,"x":-40.6579},{"duration":0}]},{"rotateFrame":[{"duration":28},{"tweenEasing":0,"duration":5},{"tweenEasing":0,"duration":5,"rotate":90},{"tweenEasing":0,"duration":5,"rotate":180},{"tweenEasing":0,"duration":5,"rotate":-90},{"tweenEasing":0,"duration":5},{"tweenEasing":0,"duration":5,"rotate":90},{"tweenEasing":0,"duration":5,"rotate":180},{"tweenEasing":0,"duration":5,"rotate":-90},{"tweenEasing":0,"duration":5},{"tweenEasing":0,"duration":5,"rotate":90},{"tweenEasing":0,"duration":5,"rotate":180},{"tweenEasing":0,"duration":5,"rotate":-90},{"duration":0}],"scaleFrame":[],"name":"pedal2_2","translateFrame":[]},{"rotateFrame":[{"duration":28},{"tweenEasing":0,"duration":5},{"tweenEasing":0,"duration":5,"rotate":90},{"tweenEasing":0,"duration":5,"rotate":180},{"tweenEasing":0,"duration":5,"rotate":-90},{"tweenEasing":0,"duration":5},{"tweenEasing":0,"duration":5,"rotate":90},{"tweenEasing":0,"duration":5,"rotate":180},{"tweenEasing":0,"duration":5,"rotate":-90},{"tweenEasing":0,"duration":5},{"tweenEasing":0,"duration":5,"rotate":90},{"tweenEasing":0,"duration":5,"rotate":180},{"tweenEasing":0,"duration":5,"rotate":-90},{"duration":0}],"scaleFrame":[],"name":"pedal1_2","translateFrame":[]}],"slot":[{"colorFrame":[],"displayFrame":[],"name":"bike"},{"colorFrame":[],"displayFrame":[],"name":"pedal1_1"},{"colorFrame":[],"displayFrame":[],"name":"pedal1_2"},{"colorFrame":[],"displayFrame":[],"name":"pedal2_1"},{"colorFrame":[],"displayFrame":[],"name":"pedal2_2"},{"colorFrame":[],"displayFrame":[],"name":"wheels_01"},{"colorFrame":[],"displayFrame":[],"name":"wheels_02"}],"name":"newAnimation","ik":[]}],"defaultActions":[{"gotoAndPlay":"newAnimation"}],"bone":[{"name":"666","transform":{}},{"transform":{"y":131.85,"x":-38.05},"name":"bike","parent":"666"},{"transform":{"y":46.55,"x":13.65},"name":"pedal2_1","parent":"bike"},{"transform":{"y":-39.6,"x":66.05},"name":"pedal1_1","parent":"bike"},{"transform":{"y":2.2,"x":38.75},"name":"pedal2_2","parent":"bike"},{"transform":{"y":13.4,"x":-100},"name":"wheels_02","parent":"bike"},{"transform":{"y":2.2,"x":39.25},"name":"pedal1_2","parent":"bike"},{"transform":{"y":12.6,"x":173.95},"name":"wheels_01","parent":"bike"}],"aabb":{"width":428.47103018087876,"y":-75.35631412940495,"height":293.5207084203861,"x":-215.8682186837993},"slot":[{"name":"wheels_02","parent":"wheels_02","color":{}},{"z":1,"name":"wheels_01","parent":"wheels_01","color":{}},{"z":2,"name":"pedal2_2","parent":"pedal2_2","color":{}},{"z":3,"name":"pedal2_1","parent":"pedal2_1","color":{}},{"z":4,"name":"bike","parent":"bike","color":{}},{"z":5,"name":"pedal1_2","parent":"pedal1_2","color":{}},{"z":6,"name":"pedal1_1","parent":"pedal1_1","color":{}}],"name":"Armature","ik":[],"skin":[{"slot":[{"display":[{"path":"pedal1_1","type":"image","name":"pedal1_1","transform":{"y":0.2977,"x":0.8444}}],"name":"pedal1_1"},{"display":[{"path":"wheels_02","type":"image","name":"wheels_02","transform":{"y":-3.4669,"x":0.5805}}],"name":"wheels_02"},{"display":[{"path":"bike","type":"image","name":"bike","transform":{"y":-81.7987,"x":31.079}}],"name":"bike"},{"display":[{"path":"pedal2_1","type":"image","name":"pedal2_1","transform":{"y":-0.3805,"x":0.0977}}],"name":"pedal2_1"},{"display":[{"path":"pedal2_2","type":"image","name":"pedal2_2","transform":{"y":20.8398,"x":-14.0766}}],"name":"pedal2_2"},{"display":[{"path":"pedal1_2","type":"image","name":"pedal1_2","transform":{"y":-20.402,"x":15.0183}}],"name":"pedal1_2"},{"display":[{"path":"wheels_01","type":"image","name":"wheels_01","transform":{"y":-2.5905,"x":0.3683}}],"name":"wheels_01"}],"name":""}]}],"name":"bike","version":"5.5"}