{
	"groups":[{
			"keys":"checkbox_select_disabled_png,checkbox_select_down_png,checkbox_select_up_png,checkbox_unselect_png,border_png,header_png,radiobutton_select_disabled_png,radiobutton_select_down_png,radiobutton_select_up_png,radiobutton_unselect_png,roundthumb_png,thumb_png,track_png,tracklight_png,handle_png,off_png,on_png,button_down_png,button_up_png,thumb_pb_png,track_pb_png,track_sb_png,bike_ske_json,bike_tex_json,bike_tex_png,Ubbie_mc_json,Ubbie_tex_png,fish_jinyugongzhu_json,fish_jinyugongzhu_png,nvzhu_json,nvzhu_png,testmc_json,testmc_png,classData_json,1_wav,12_wav,test_jpg,hong_png,huang_png,lan_png",
			"name":"preload"
		}],
	"resources":[
		{
			"name":"checkbox_select_disabled_png",
			"type":"image",
			"url":"assets/CheckBox/checkbox_select_disabled.png"
		},
		{
			"name":"checkbox_select_down_png",
			"type":"image",
			"url":"assets/CheckBox/checkbox_select_down.png"
		},
		{
			"name":"checkbox_select_up_png",
			"type":"image",
			"url":"assets/CheckBox/checkbox_select_up.png"
		},
		{
			"name":"checkbox_unselect_png",
			"type":"image",
			"url":"assets/CheckBox/checkbox_unselect.png"
		},
		{
			"name":"border_png",
			"type":"image",
			"url":"assets/Panel/border.png"
		},
		{
			"name":"header_png",
			"type":"image",
			"url":"assets/Panel/header.png"
		},
		{
			"name":"radiobutton_select_disabled_png",
			"type":"image",
			"url":"assets/RadioButton/radiobutton_select_disabled.png"
		},
		{
			"name":"radiobutton_select_down_png",
			"type":"image",
			"url":"assets/RadioButton/radiobutton_select_down.png"
		},
		{
			"name":"radiobutton_select_up_png",
			"type":"image",
			"url":"assets/RadioButton/radiobutton_select_up.png"
		},
		{
			"name":"radiobutton_unselect_png",
			"type":"image",
			"url":"assets/RadioButton/radiobutton_unselect.png"
		},
		{
			"name":"roundthumb_png",
			"type":"image",
			"url":"assets/ScrollBar/roundthumb.png"
		},
		{
			"name":"thumb_png",
			"type":"image",
			"url":"assets/Slider/thumb.png"
		},
		{
			"name":"track_png",
			"type":"image",
			"url":"assets/Slider/track.png"
		},
		{
			"name":"tracklight_png",
			"type":"image",
			"url":"assets/Slider/tracklight.png"
		},
		{
			"name":"handle_png",
			"type":"image",
			"url":"assets/ToggleSwitch/handle.png"
		},
		{
			"name":"off_png",
			"type":"image",
			"url":"assets/ToggleSwitch/off.png"
		},
		{
			"name":"on_png",
			"type":"image",
			"url":"assets/ToggleSwitch/on.png"
		},
		{
			"name":"button_down_png",
			"type":"image",
			"url":"assets/Button/button_down.png"
		},
		{
			"name":"button_up_png",
			"type":"image",
			"url":"assets/Button/button_up.png"
		},
		{
			"name":"thumb_pb_png",
			"type":"image",
			"url":"assets/ProgressBar/thumb_pb.png"
		},
		{
			"name":"track_pb_png",
			"type":"image",
			"url":"assets/ProgressBar/track_pb.png"
		},
		{
			"name":"track_sb_png",
			"type":"image",
			"url":"assets/ScrollBar/track_sb.png"
		},
		{
			"name":"bg_1_jpg",
			"type":"image",
			"url":"assets/ItemRenderer/bg_1.jpg"
		},
		{
			"name":"btn_start_a_png",
			"type":"image",
			"url":"assets/ItemRenderer/btn_start_a.png"
		},
		{
			"name":"btn_start_z_png",
			"type":"image",
			"url":"assets/ItemRenderer/btn_start_z.png"
		},
		{
			"name":"jiangpin_png",
			"type":"image",
			"url":"assets/ItemRenderer/jiangpin.png"
		},
		{
			"name":"guize_png",
			"type":"image",
			"url":"assets/ItemRenderer/guize.png"
		},
		{
			"name":"btna_start_a_png",
			"type":"image",
			"url":"assets/ItemRenderer/btna_start_a.png"
		},
		{
			"name":"btna_start_z_png",
			"type":"image",
			"url":"assets/ItemRenderer/btna_start_z.png"
		},
		{
			"name":"gui_bg_jpg",
			"type":"image",
			"url":"assets/ItemRenderer/gui_bg.jpg"
		},
		{
			"name":"jiang_bg_jpg",
			"type":"image",
			"url":"assets/ItemRenderer/jiang_bg.jpg"
		},
		{
			"name":"close_png",
			"type":"image",
			"url":"assets/ItemRenderer/close.png"
		},
		{
			"name":"time_bg_png",
			"type":"image",
			"url":"assets/ItemRenderer/time_bg.png"
		},
		{
			"name":"count_bg_png",
			"type":"image",
			"url":"assets/ItemRenderer/count_bg.png"
		},
		{
			"name":"t_q_png",
			"type":"image",
			"url":"assets/ItemRenderer/t_q.png"
		},
		{
			"name":"f_q_png",
			"type":"image",
			"url":"assets/ItemRenderer/f_q.png"
		},
		{
			"name":"mj_f_png",
			"type":"image",
			"url":"assets/ItemRenderer/mj_f.png"
		},
		{
			"name":"mj_t_png",
			"type":"image",
			"url":"assets/ItemRenderer/mj_t.png"
		},
		{
			"name":"dj_png",
			"type":"image",
			"url":"assets/ItemRenderer/dj.png"
		},
		{
			"name":"qm_png",
			"type":"image",
			"url":"assets/ItemRenderer/qm.png"
		},
		{
			"name":"s_q_png",
			"type":"image",
			"url":"assets/ItemRenderer/s_q.png"
		},
		{
			"name":"bg_2_jpg",
			"type":"image",
			"url":"assets/ItemRenderer/bg_2.jpg"
		},
		{
			"name":"qiu_png",
			"type":"image",
			"url":"assets/ItemRenderer/qiu.png"
		},
		{
			"name":"s_q_a_png",
			"type":"image",
			"url":"assets/ItemRenderer/s_q_a.png"
		},
		{
			"name":"qm1_png",
			"type":"image",
			"url":"assets/ItemRenderer/qm1.png"
		},
		{
			"name":"success_mp3",
			"type":"sound",
			"url":"assets/ItemRenderer/success.mp3"
		},
		{
			"name":"false_mp3",
			"type":"sound",
			"url":"assets/ItemRenderer/false.mp3"
		},
		{
			"name":"bg_mp3",
			"type":"sound",
			"url":"assets/ItemRenderer/bg.mp3"
		},
		{
			"name":"mingdan_png",
			"type":"image",
			"url":"assets/ItemRenderer/mingdan.png"
		},
		{
			"name":"bike_ske_json",
			"type":"json",
			"url":"assets/bike/bike_ske.json"
		},
		{
			"name":"bike_tex_json",
			"type":"json",
			"url":"assets/bike/bike_tex.json"
		},
		{
			"name":"bike_tex_png",
			"type":"image",
			"url":"assets/bike/bike_tex.png"
		},
		{
			"name":"Ubbie_mc_json",
			"type":"json",
			"url":"assets/EgretMC/Ubbie_mc.json"
		},
		{
			"name":"Ubbie_tex_png",
			"type":"image",
			"url":"assets/EgretMC/Ubbie_tex.png"
		},
		{
			"name":"Robot_json",
			"type":"json",
			"url":"assets/DragonBonesJSON/Robot.json"
		},
		{
			"name":"texture_json",
			"type":"json",
			"url":"assets/DragonBonesJSON/texture.json"
		},
		{
			"name":"texture_png",
			"type":"image",
			"url":"assets/DragonBonesJSON/texture.png"
		},
		{
			"name":"1_png",
			"type":"image",
			"url":"assets/1.png"
		},
		{
			"name":"2_png",
			"type":"image",
			"url":"assets/2.png"
		},
		{
			"name":"3_png",
			"type":"image",
			"url":"assets/3.png"
		},
		{
			"name":"4_png",
			"type":"image",
			"url":"assets/4.png"
		},
		{
			"name":"fish_jinyugongzhu_json",
			"type":"json",
			"url":"assets/fish_jinyugongzhu.json"
		},
		{
			"name":"fish_jinyugongzhu_png",
			"type":"image",
			"url":"assets/fish_jinyugongzhu.png"
		},
		{
			"name":"nvzhu_json",
			"type":"json",
			"url":"assets/nvzhu.json"
		},
		{
			"name":"nvzhu_png",
			"type":"image",
			"url":"assets/nvzhu.png"
		},
		{
			"name":"testmc_json",
			"type":"json",
			"url":"assets/testmc.json"
		},
		{
			"name":"testmc_png",
			"type":"image",
			"url":"assets/testmc.png"
		},
		{
			"name":"classData_json",
			"type":"json",
			"url":"assets/classData.json"
		},
		{
			"name":"1_wav",
			"type":"sound",
			"url":"assets/1.wav"
		},
		{
			"name":"12_wav",
			"type":"sound",
			"url":"assets/1.wav"
		},
		{
			"name":"test_jpg",
			"type":"image",
			"url":"assets/test.jpg"
		},
		{
			"name":"hong_png",
			"type":"image",
			"url":"assets/hong.png"
		},
		{
			"name":"huang_png",
			"type":"image",
			"url":"assets/huang.png"
		},
		{
			"name":"lan_png",
			"type":"image",
			"url":"assets/lan.png"
		}
	]
}